Albania, Tirana
Andorra, Andorra la Vella
Austria, Vienna
Belarus, Minsk
Belgium, Brussels
Bosnia and Herzegovina, Sarajevo
Bulgaria, Sofia
Croatia, Zagreb
Czech Republic, Prague
Denmark, Copenhagen
England, London
Estonia, Tallinn
Finland, Helsinki
France, Paris
Germany, Berlin
Greece, Athens
Hungary, Budapest
Iceland, Reykjav√≠k
Ireland, Dublin
Italy, Rome
Latvia, Riga
Liechtenstein, Vaduz
Lithuania, Vilnius
Luxembourg, Luxembourg
Malta, Valletta
Moldova, Chisinau
Monaco, Monaco
Montenegro, Podgorica
Netherlands, Amsterdam
Northern Ireland, Belfast
Norway, Oslo
Poland, Warsaw
Portugal, Lisbon
Romania, Bucharest
Russia, Moscow
San Marino, San Marino
Scotland, Edinburgh
Serbia, Belgrade
Slovakia, Bratislava
Slovenia, Ljubljana
Spain, Madrid
Sweden, Stockholm
Switzerland, Bern
Turkey, Ankara
Ukraine, Kiev
Vatican City, Vatican City
Wales, Cardiff
